{
  "rf": {
    "roc_auc": 0.8675896497606448,
    "precision": 0.5666666666666667,
    "recall": 0.3422818791946309,
    "f1": 0.42677824267782427,
    "confusion_matrix": [
      [
        812,
        39
      ],
      [
        98,
        51
      ]
    ],
    "precision_at_10pct": 0.57,
    "recall_at_10pct": 0.3825503355704698
  }
}